AeroTag,CL_target,CD_target,CoP_target,Accel_Score,Skidpad_Score,Autocross_Score,Endurance_Score,Total_Points,Skidpad_Time,Accel_Time,Autocross_Time,Endurance_Lap_Time,RunNumber,RunMode,DragEnergy_Endurance_kJ,DragEnergy_Autocross_kJ,TractiveEnergy_Endurance_kJ,TractiveEnergy_Autocross_kJ,Efficiency_Score,Mass_lbf,MassScenario,BSFC_g_per_kWh,EngineMode
Fast_CL_0.050_CD_0.015_CoP_0.525,0.05,0.015,0.525,75.04416313208965,73.79700232674672,87.82590847635792,203.24726705368366,439.91434098887794,4.886604270722083,4.5010696698494295,54.062339183180434,126.51828169876174,1,Fast,486.9176577659758,203.81536197029132,1888.7242340462728,868.1547424881359,,580.0,baseline,,corrected
Fast_CL_0.050_CD_0.015_CoP_0.550,0.05,0.015,0.55,74.66236592929607,74.14481860905413,88.11187652568093,202.84161209513218,439.76067315916333,4.880328385247188,4.507649851505437,54.01752017646233,126.58826120043192,2,Fast,483.34145483454097,203.18058929430018,1878.0047328372543,862.4764150838108,,580.0,baseline,,corrected
Fast_CL_0.050_CD_0.015_CoP_0.575,0.05,0.015,0.575,74.24048798297257,76.17729028759433,88.20492986792061,203.78168195923917,442.4043900977267,4.844132438392313,4.514943226143221,54.00295219566714,126.42620785024779,3,Fast,486.38458947714776,203.8145684604454,1882.311945385503,863.6558083154815,,580.0,baseline,,corrected
Fast_CL_0.050_CD_0.015_CoP_0.600,0.05,0.015,0.6,73.83244868019588,78.60805937441785,87.53397929813774,203.2552942147695,443.22978156752094,4.801882919464408,4.522019847960484,54.10816924216544,126.51689771455406,4,Fast,484.0669864332044,202.6554704783479,1871.75069637884,860.255229838907,,580.0,baseline,,corrected
Fast_CL_0.050_CD_0.015_CoP_0.625,0.05,0.015,0.625,73.38301750862942,78.78757396394558,86.87343216949827,203.84193810070784,442.8859617427811,4.798806413289274,4.529840046054222,54.21215612696407,126.41583478180546,5,Fast,478.84496707972687,198.43757821435437,1854.7459531862671,853.3833423237207,,580.0,baseline,,corrected
Fast_CL_0.050_CD_0.015_CoP_0.650,0.05,0.015,0.65,72.9715855328473,80.58469843206558,87.08319776366682,203.6357851238464,444.2752668524261,4.768329842363512,4.537022801870423,54.17909041446441,126.45133097907548,6,Fast,478.11583450290203,199.57377540785504,1848.1162466603373,850.4068180651136,,580.0,baseline,,corrected
Fast_CL_0.050_CD_0.015_CoP_0.675,0.05,0.015,0.675,72.5231874475913,81.66394849800346,85.1193131936907,201.39744557981132,440.7038947190968,4.750304076646001,4.544876895386793,54.49024893527411,126.83802385974855,7,Fast,472.58275577871535,195.79401186467672,1833.1203750588552,843.2255570222776,,580.0,baseline,,corrected
Fast_CL_0.050_CD_0.015_CoP_0.700,0.05,0.015,0.7,72.05148164419889,81.7488702150083,83.12949202731374,199.0199668674721,435.94981075399306,4.748894364283785,4.553168647550133,54.80918336752426,127.25135283306746,8,Fast,466.23657872241165,191.59134232416338,1811.465789189247,831.5966987009285,,580.0,baseline,,corrected
Fast_CL_0.050_CD_0.015_CoP_0.725,0.05,0.015,0.725,71.59439645296365,82.89091226313903,84.56619013697211,200.96198098327787,440.01347983635264,4.730057418559886,4.561232309491631,54.57853204928102,126.9135291841274,9,Fast,466.8472906670777,193.55348526917314,1804.3781387061501,829.3712030566844,,580.0,baseline,,corrected
Fast_CL_0.050_CD_0.022_CoP_0.525,0.05,0.0225,0.525,73.04642402275142,71.86583839248637,86.15392408406477,199.62216648730183,430.68835298660434,4.921895479474312,4.535714581437678,54.325880715322945,127.14640479920455,10,Fast,712.7362040689649,299.3412673807281,2019.1221409095608,924.8050153774918,,580.0,baseline,,corrected
Fast_CL_0.050_CD_0.022_CoP_0.550,0.05,0.0225,0.55,72.68864913086102,73.79109463186546,86.72488247075627,201.02486484881683,434.22949108229955,4.886711076481627,4.541975522259976,54.23559669421106,126.90262018071273,11,Fast,718.3369162161531,300.877484753505,2030.7977158927279,926.1441530189165,,580.0,baseline,,corrected
Fast_CL_0.050_CD_0.022_CoP_0.575,0.05,0.0225,0.575,72.27996486523618,74.08218320017808,86.79810733291889,200.7816850968335,433.94194049516665,4.881456773408619,4.549148542519745,54.22403956170729,126.94481705786622,12,Fast,715.2965570064622,300.15507257064496,2019.8221868458938,921.1315374607442,,580.0,baseline,,corrected
Fast_CL_0.050_CD_0.022_CoP_0.600,0.05,0.0225,0.6,71.89962106500657,76.63846371968653,84.93277463812524,199.52965136366504,433.00051078648335,4.836030990927083,4.555844529291473,54.519990129885585,127.16251656978763,13,Fast,709.204041808622,294.09865382322266,2004.5879341952736,916.2488559333251,,580.0,baseline,,corrected
Fast_CL_0.050_CD_0.022_CoP_0.625,0.05,0.0225,0.625,71.48057823160343,78.2461071589181,86.32357592313883,202.10252332164046,438.1527846353008,4.80810406202145,4.5632446755086224,54.299022781462185,126.71596055352231,14,Fast,709.6234522065944,295.6427499448708,1999.9974308032697,915.5678182928916,,580.0,baseline,,corrected
Fast_CL_0.050_CD_0.022_CoP_0.650,0.05,0.0225,0.65,71.10431209603716,78.52112293053433,84.8721830753404,200.3888064401082,434.8864245420201,4.8033749572362545,4.569909915021604,54.529657668881455,127.01304921313967,15,Fast,703.0586942684258,291.3533601494394,1980.9082092536735,900.9520916143641,,580.0,baseline,,corrected
Fast_CL_0.050_CD_0.022_CoP_0.675,0.05,0.0225,0.675,70.70732136867699,80.29062257017056,84.91484823177038,199.8873726046526,435.80016477527056,4.773277214826001,4.576963415098822,54.52284997684382,127.1002410223345,16,Fast,700.917890551266,292.5777931620449,1970.1731277246354,898.5184007754975,,580.0,baseline,,corrected
Fast_CL_0.050_CD_0.022_CoP_0.700,0.05,0.0225,0.7,70.28009139957874,81.38081323437079,83.53782466221773,198.06307056349922,433.2617998596665,4.755013247953737,4.584578553514493,54.74343050411129,127.4184722901284,17,Fast,694.9212160652379,289.39856941642967,1954.5008604019097,890.470735372978,,580.0,baseline,,corrected
Fast_CL_0.050_CD_0.022_CoP_0.725,0.05,0.0225,0.725,69.8648610969759,81.36648811757826,83.61908388724513,198.8318277205284,433.68226082232763,4.75525187898824,4.592004126317009,54.73036433535143,127.28417621542692,18,Fast,690.3371690370386,286.9196350429627,1939.0479697203127,882.8414844074207,,580.0,baseline,,corrected
Fast_CL_0.055_CD_0.015_CoP_0.525,0.055,0.015,0.525,75.80197768531835,74.13430668402628,90.36834453220307,207.11228065616754,447.41690955771526,4.880517704825722,4.488065665339024,53.66645964352027,125.85538865161489,19,Fast,495.8155210848752,208.67227144461776,1927.6286678500662,887.7202365992111,,580.0,baseline,,corrected
Fast_CL_0.055_CD_0.015_CoP_0.550,0.055,0.015,0.55,75.39671019229371,76.14246921007155,90.6831244813078,207.28307607951209,449.50537996318513,4.844745795745683,4.495010644217858,53.61784863516271,125.82625555467023,20,Fast,494.40898965381575,208.84725026648493,1925.3789127118634,884.0496891341619,,580.0,baseline,,corrected
Fast_CL_0.055_CD_0.015_CoP_0.575,0.055,0.015,0.575,74.9331065749102,78.58147554785543,91.6096777668455,210.4921081302299,455.61636801984105,4.802339014068562,4.502981720345662,53.47527210978051,125.28137766532038,21,Fast,496.6029725219523,208.54829974126702,1917.7408208713796,882.247298308182,,580.0,baseline,,corrected
Fast_CL_0.055_CD_0.015_CoP_0.600,0.055,0.015,0.6,74.46039289936157,79.04448903591535,91.00612606038897,209.80177035710147,454.31277835276734,4.794413693425466,4.5111385943306495,53.56805943124007,125.39819486188871,22,Fast,493.6020643379524,206.7120785449251,1906.3812576888465,875.6999905696799,,580.0,baseline,,corrected
Fast_CL_0.055_CD_0.015_CoP_0.625,0.055,0.015,0.625,74.03442303049039,80.84520701051015,88.38528140524528,207.26660393093573,450.53151537718156,4.763960013329436,4.518514238182755,53.97473959347032,125.82906467167717,23,Fast,486.2261753397714,201.1762042440803,1886.0192928073407,864.4600123838466,,580.0,baseline,,corrected
Fast_CL_0.055_CD_0.015_CoP_0.650,0.055,0.015,0.65,73.59087693688899,82.66246309889834,88.46120735394419,206.7460299158576,451.46057730558914,4.733807545095665,4.526219888464809,53.96287122363958,125.91790666347592,24,Fast,484.62298001550323,202.1699291839572,1875.2965008800336,860.735389681717,,580.0,baseline,,corrected
Fast_CL_0.055_CD_0.015_CoP_0.675,0.055,0.015,0.675,73.08265837424203,83.66027379129957,88.4810642212314,207.51794558973177,452.7419419765048,4.717493142099445,4.535081454874316,53.95976815704313,125.78621516442584,25,Fast,481.7592046628758,200.7016567649404,1864.1292015748436,857.9586755386624,,580.0,baseline,,corrected
Fast_CL_0.055_CD_0.015_CoP_0.700,0.055,0.015,0.7,72.59559457765317,83.85519982871398,86.25850464208594,204.85923333192167,447.56853238037473,4.714325712361171,4.543606779262218,54.30932121057423,126.24096445309205,26,Fast,474.91047807675966,196.19167875080748,1842.372880398434,845.6821269614859,,580.0,baseline,,corrected
Fast_CL_0.055_CD_0.015_CoP_0.725,0.055,0.015,0.725,72.09377891282716,83.3151965839614,86.038347602037,203.82064630496677,445.26796940379234,4.7231161269886925,4.5524239018791235,54.34419308850876,126.41949996066855,27,Fast,472.87761290821965,196.0223173894711,1833.0443453363187,842.7264372836561,,580.0,baseline,,corrected
Fast_CL_0.055_CD_0.022_CoP_0.525,0.055,0.0225,0.525,73.7307565599806,73.79248020430514,88.13958044413233,203.42438875878392,439.087205967202,4.886686025961303,4.523786948022266,54.01318216349333,126.48775070952364,28,Fast,724.3953833736191,304.7331404245777,2051.9477832646453,939.2093428942426,,580.0,baseline,,corrected
Fast_CL_0.055_CD_0.022_CoP_0.550,0.055,0.0225,0.55,73.36509547051422,75.7921753299921,88.84399260272416,204.9367831482224,442.9380465514529,4.850929051417318,4.530152454174344,53.90311552219087,126.22765369091579,29,Fast,731.0996150386336,306.89561474089066,2065.8294816994553,942.2783707250529,,580.0,baseline,,corrected
Fast_CL_0.055_CD_0.022_CoP_0.575,0.055,0.0225,0.575,72.94573077177301,76.66041319054726,89.0666947592288,205.44125060156492,444.114089323114,4.835646416553613,4.5374749335751225,53.86841087028521,126.141134642917,30,Fast,730.6691050750811,306.4864553940864,2059.6270396743234,938.290720616645,,580.0,baseline,,corrected
Fast_CL_0.055_CD_0.022_CoP_0.600,0.055,0.0225,0.6,72.49669779425504,78.66789889881784,88.7113034391772,206.46465593807775,446.34055607032786,4.800856737287621,4.545341736114262,53.92381432214337,125.96597864538238,31,Fast,724.5864162046473,301.9447020526815,2043.9509237451275,931.9306340996393,,580.0,baseline,,corrected
Fast_CL_0.055_CD_0.022_CoP_0.625,0.055,0.0225,0.625,72.09113559680684,80.50951295006577,87.5709751056845,205.26672804560832,445.43835169816543,4.769593258160814,4.552470436711044,54.10235695884917,126.17105283610002,32,Fast,719.2880283266228,298.7417853806967,2028.41827388703,923.4393499957548,,580.0,baseline,,corrected
Fast_CL_0.055_CD_0.022_CoP_0.650,0.055,0.0225,0.65,71.66215431254935,82.32181837178786,86.28517220781596,203.87012047998144,444.13926537213456,4.7394160306778526,4.560035157495486,54.30510022753266,126.4109837817407,33,Fast,713.4879809043897,295.3694830974168,2012.349034566756,915.3680425071899,,580.0,baseline,,corrected
Fast_CL_0.055_CD_0.022_CoP_0.675,0.055,0.0225,0.675,71.21231411964717,82.26136644419444,86.4212687948914,203.1457641126901,443.04071347142315,4.740413415133908,4.567994758114089,54.2835688663916,126.53578470350988,34,Fast,711.10837798522,296.76498605089904,2005.582616013841,914.1253734118842,,580.0,baseline,,corrected
Fast_CL_0.055_CD_0.022_CoP_0.700,0.055,0.0225,0.7,70.77237667741112,83.39340175819304,86.09144000772814,203.51958478983232,443.77680323316457,4.721840022636286,4.5758060589462515,54.33577939497971,126.47134757695315,35,Fast,705.6855779060536,293.739190150426,1987.2613451905431,905.288716763547,,580.0,baseline,,corrected
Fast_CL_0.055_CD_0.022_CoP_0.725,0.055,0.0225,0.725,70.31829018550907,83.50898263028262,85.12216293240986,201.90241351276097,440.8518492609625,4.719955936971267,4.583896649843925,54.48979483240428,126.75057975041712,36,Fast,699.4390295378653,290.9194775899446,1969.8754659018775,896.6940450314,,580.0,baseline,,corrected
