CL_target,CD_target,CoP_target,Total_Points_legacy,Total_Points_corrected,Endurance_Score_legacy,Endurance_Score_corrected,Autocross_Score_legacy,Autocross_Score_corrected,Skidpad_Score_legacy,Skidpad_Score_corrected,Accel_Score_legacy,Accel_Score_corrected,DragEnergy_Endurance_kJ_legacy,DragEnergy_Endurance_kJ_corrected,TractiveEnergy_Endurance_kJ_legacy,TractiveEnergy_Endurance_kJ_corrected
0.08,0.02,0.45,439.75709109704786,473.1871969393024,210.77711952779242,221.53923322075005,92.19665193330829,96.31816566199173,79.95776237870739,76.10918492283317,56.825557257239794,79.22061313372744,682.6150517923647,703.9803989945976,2062.099414112523,2202.9458629074825
0.035,0.015,0.425,362.79920706306075,399.2696374718388,171.53658471588923,183.41647608449207,72.0871539904794,76.5879856841017,68.72304415633941,65.39943457692232,50.452424200352716,73.86574112632272,429.09805641204895,445.11297995055656,1621.7384883840273,1747.4734954098726
0.04,0.015,0.425,370.1107755378592,408.56297520956014,175.50496578735041,187.82597739077735,74.09212862687401,78.65374315023317,68.98861167332376,67.247501600387,51.52506945031096,74.8357530681626,438.40885445405246,454.6991835379194,1661.2262155738385,1788.2148893931173
0.045,0.015,0.425,379.1928786751712,414.87891994834524,179.6233967143866,191.38279758794545,76.05359704710092,80.5930521348467,71.03785800776328,67.17456678581573,52.47802690592036,75.72850343973741,447.913939683082,463.6605438536231,1700.598307615199,1828.8567178565468
0.05,0.015,0.425,385.0850647256047,424.1125278377065,182.87662572887072,195.63030513361113,77.86591847774393,82.64046564442697,70.95445985242941,69.2095584141038,53.38806066656063,76.6321986455646,456.2564348420903,473.1250181597089,1737.1247501649227,1870.8868225467631
0.055,0.015,0.425,394.0762319699913,431.6482492249022,186.99511891511355,199.76773531681226,79.92593793968915,84.89818121866092,72.88904421718098,69.51002576201476,54.26613089800757,77.47230692741422,465.78185583806044,482.6881661966652,1775.9882428782792,1912.259192183471
0.035,0.0175,0.425,361.5551884282119,397.1201048678341,170.98982286591453,182.48115717670555,71.6708042365712,76.05123459874395,68.68629939354683,65.3723913651815,50.208261932179354,73.2153217272031,498.33491211998876,515.5556116680808,1663.4852063811747,1785.2982119969636
0.04,0.0175,0.425,367.5485923881405,405.39525364214387,174.2943549440382,186.39283896375807,73.47446140614159,77.95810167554095,68.61348059102276,66.87471193682725,51.16629544693799,74.16960106601763,507.8935155341203,526.1325672366163,1702.3374188407072,1826.7317330741625
0.045,0.0175,0.425,376.59263451628954,412.5613696407728,178.46324662275035,190.30279132844416,75.5145543419284,79.93402854261615,70.5291022663,67.27616163483881,52.085731285310764,75.04838813487365,518.8256373094639,536.5625696968779,1741.8464286303958,1868.9671326309997
0.05,0.0175,0.425,383.68526631675195,421.8702289742408,182.20820897874276,194.69728539525488,77.54736421396036,82.09001717406426,70.96190688006504,69.17260336135519,52.967786243983795,75.91032304356646,528.9527792471723,547.7785867184103,1781.7174522472628,1912.3050758822765
0.055,0.0175,0.425,390.4397409922654,429.17546680105386,185.82316044053067,198.60606515259516,79.41101209689738,84.2223827271982,71.37223474194278,69.61253973349093,53.83333371289454,76.73447918776961,538.9508674419735,558.2094914050404,1817.9096673831903,1954.2578779123064
0.035,0.02,0.425,360.31885601381003,390.63888290964974,170.41436871475292,178.77997896143532,71.34951529962014,74.19907706408617,68.69345310097165,65.08947792965195,49.86151889846534,72.5703489544763,566.619347923874,583.3642279859869,1705.716522351136,1821.3647839379219
0.04,0.02,0.425,366.02170560404807,403.1859806256282,173.61606637271862,185.43082089022585,73.02741863123119,77.39816914808371,68.58606223097851,66.84818864053764,50.79215836911978,73.50880194678095,577.2255723131676,596.9049622538815,1744.1151818738576,1866.474057340656
0.045,0.02,0.425,373.10123932335637,410.6649417181455,177.32119494882497,189.51403885376473,75.08734300293673,79.50396834362641,69.01554392975953,67.28399572905133,51.67715744183508,74.36293879170302,588.2472457265859,609.0838945295475,1782.7087490841068,1909.9511332651243
0.05,0.02,0.425,381.9266491624705,418.0108835353383,181.3656770602769,193.44686072892011,76.94947132576239,81.66095901450124,71.06500230349711,67.71144993407147,52.54649847293407,75.19161385784544,600.502475763661,620.698608584805,1823.9709539927405,1952.0674102224236
0.055,0.02,0.425,389.0378498699645,427.03051967784063,185.1442071178379,197.68051726951316,79.1178861590278,83.7272264862576,71.37010273055428,69.62043078227246,53.40565386254449,76.00234513979737,611.9294503703444,632.9159720895829,1862.0238178916354,1994.8793261463068
0.035,0.0225,0.425,357.6290926570953,388.8983419957066,169.18774207924676,178.01923048753096,70.67456544485783,73.85112704718053,68.27724028287383,65.09675969208432,49.48954485011691,71.93122476891074,633.229493325776,652.1455581609389,1745.734769351744,1861.3865839842342
0.04,0.0225,0.425,364.74209069994413,399.1825980859089,173.001353330999,184.11830477156929,72.76659602778632,76.85189233622975,68.58414520248401,65.36516271471933,50.389996138674825,72.84723826339054,645.7157470888762,665.9678761218976,1785.8470793654226,1906.7229860964815
0.045,0.0225,0.425,371.8390758843201,408.41954612064734,176.76450181348056,188.5219734097851,74.78099072510491,78.97663357978497,69.02288979869775,67.25676500252906,51.270693547036906,73.6641741285482,658.3880163182448,680.0530168820176,1826.1383539028013,1950.557169880402
0.05,0.0225,0.425,380.6216520856476,414.5133421457446,180.7234345982523,191.9669261571701,76.69009851282362,80.89296600423793,71.07497190414543,67.17439114413143,52.133147070426304,74.47905884020513,671.4612326619919,692.3669578176591,1867.2079137816256,1991.8544582274021
0.055,0.0225,0.425,387.21033780192363,423.3988914487656,184.22982223613573,196.09600822821662,78.53032487557981,82.81722228277665,71.47353720773171,69.2093790469975,52.97665348247643,75.27628189077478,683.3882695901946,705.7475609589419,1904.8881693971093,2035.4832766966724
0.035,0.025,0.425,354.7218894332799,386.8800018499606,168.45263410115317,177.20450314179845,70.50101332293981,73.30641051929881,66.6918219657785,65.0702095801297,49.076420043408376,71.2988786087336,700.0814066621828,720.2815400996362,1787.7678860578176,1902.9654635941365
0.04,0.025,0.425,363.4588054220333,396.2057407433067,172.34650343811387,182.892639750037,72.42464061830697,76.26968079053376,68.72370016392878,64.86738588249229,49.96396120168373,72.17603432024367,713.5648356651653,734.8941153010176,1829.2431067395187,1947.8298148180604
0.045,0.025,0.425,370.2245672330651,405.2395783022238,176.01933429985894,187.08393650999997,74.37308144598018,78.30807935817508,68.99797525634109,66.87471193682725,50.83417623088489,72.97285049722143,726.9530420705572,749.3815454395402,1868.180051803116,1988.2624487054663
0.05,0.025,0.425,377.7836873582802,412.0861623180217,179.55168012199312,190.85004818027002,76.02134523734772,80.18535094261514,70.52170132242844,67.27682700783481,51.68896067651093,73.77393618730174,741.098826642643,763.1110579014851,1909.3237725582978,2032.604359337144
0.055,0.025,0.425,384.52197668389533,420.9420126367374,183.08740281771287,194.99486470002748,77.94316922206612,82.2068676906025,70.96371248020623,69.18265423134271,52.527692163910146,74.55762601476472,754.107865059261,777.4403788083955,1948.2846394269188,2075.7605060042547
0.035,0.0275,0.425,353.5420924414003,383.8113727521784,167.92706223939697,175.81012811324138,70.25853019097949,72.6401163133093,66.69004863980723,64.700765015028,48.66645137121664,70.66036331059965,766.3773852117555,786.2442254140697,1830.792830201854,1941.2406034547066
0.04,0.0275,0.425,362.03080993290024,390.8922299671056,171.7535955600732,179.66263252111005,72.04939133512818,74.63353215292864,68.6862959091317,65.08948816181103,49.54152712856716,71.5065771312559,781.1133635328326,801.0898295116575,1870.9813664620865,1984.24883442155
0.045,0.0275,0.425,368.9229612549286,402.9605957577184,175.37173139234164,186.09188204525327,74.02600272759703,77.72833497928823,69.1259307926101,66.84818955298584,50.39929634237983,72.29218918019104,795.397021172624,818.231395562916,1911.5605176357035,2029.9981159911279
0.05,0.0275,0.425,376.2726350308248,410.1562927497366,178.80982759785897,189.99707536946087,75.69221314397821,79.79384858879718,70.52895739376304,67.28399572905133,51.241636895224566,73.08137306242726,809.7672071386186,833.4535701152216,1952.025779370889,2073.402372384103
0.055,0.0275,0.425,382.840017648232,417.24176842997787,182.39602322715737,193.84929792153443,77.47983164851838,81.85316358913289,70.9267009552169,67.71144993407147,52.03746181733931,73.82785698523907,824.6520039391187,848.606407364535,1992.7083584587901,2117.5316938634137
0.035,0.03,0.425,352.1461161764031,381.78360344669926,167.2964882221377,174.98681056373454,69.92756605181432,72.16907848934501,66.6646460904571,64.66459287593321,48.25741581199394,69.96312151768649,831.6763939856634,852.3829917878697,1872.9109352541818,1982.192369294165
0.04,0.03,0.425,360.8318812664719,389.19594410554856,171.20796133344376,179.0195895151845,71.8071069053277,74.28093161057103,68.696140599966,65.09672144307689,49.12067242773443,70.79870153671612,847.8931856356273,869.3132384564659,1912.7385550964304,2025.6921534268463
0.045,0.03,0.425,366.0685812195793,398.895610895736,174.18146289035244,184.79198039853247,73.33433802571932,77.1649585046962,68.58607520638674,65.36511195174208,49.9667050971208,71.5735600407653,862.0433421986154,885.4859140934036,1954.9635850612249,2070.5587007916356
0.05,0.03,0.425,374.5098237701154,407.7834650832474,177.9708633148626,188.89694633978806,75.14399931822784,79.16159487285688,70.62264051580708,67.38582243472644,50.772320621217915,72.33910143587602,877.6724131172734,902.1458125822332,1996.1579633755728,2115.8332343882385
0.055,0.03,0.425,384.4810077266365,413.6327253453867,183.88213317267545,192.3388803194811,78.11735701539178,81.0545253638584,70.93134476468995,67.17438771809839,51.5501727738793,73.06493194394882,895.1341936353997,917.8899516067439,2037.5840670297798,2158.3876496820944
0.035,0.015,0.45,364.92666254182956,402.2113291902197,172.78781209078818,184.55932707624845,72.90466522018248,77.18642582575279,69.12593332403719,66.87469935132947,50.108251906821714,73.59087693688899,432.6476267164385,448.7743056988926,1630.1979522175445,1756.2777501141666
0.04,0.015,0.45,373.11828525948573,409.82715335251356,176.64049474257106,188.74085803444177,74.77421607065878,79.44418323788854,70.51972175328295,67.18171918082169,51.18385269297297,74.46039289936157,442.3437737601835,458.34436938259967,1670.7759169205171,1798.1385950173478
0.045,0.015,0.45,380.4996894725326,419.23276285037224,180.54033953693803,193.07544056893752,76.89373601168921,81.5531682450542,70.96375067951264,69.20744384408678,52.10186324439273,75.39671019229371,451.80814726159974,468.11056982084125,1710.5922887354652,1840.1166026608973
0.05,0.015,0.45,392.7087974717048,427.0234946260041,186.95438578190723,197.258665308545,80.00020852126165,83.87377006645143,72.75266509965829,69.64005572022035,53.001538068877665,76.25100353078733,462.1467879658104,478.13352613782183,1747.5699422712191,1883.884335592333
0.055,0.015,0.45,399.96156874588434,436.2763003717654,190.83824284632541,201.67585473991736,82.08385791597946,85.9614444959712,73.1911172379082,71.5564571882843,53.848350745671254,77.08254394759254,471.8426174195486,488.4023789413012,1787.761677734417,1926.5199977411096
0.035,0.0175,0.45,362.40403342412606,399.8319499679214,171.67074227726027,183.51506328333124,72.25713957802952,76.52685210224932,68.58611294610265,66.84552330766451,49.890038622733634,72.9445112746763,501.66397398878576,519.3747284881896,1671.4680917780709,1794.7869009891754
0.04,0.0175,0.45,371.45928028099684,407.52988480983356,175.78837068924298,187.6854888171023,74.21725098878247,78.76008904802865,70.622641325867,67.28399572905133,50.83101727710434,73.8003112156513,512.5862689389492,530.5504210157867,1713.8552938006278,1837.501946074708
0.045,0.0175,0.45,378.9464836502103,417.14445170133024,179.86843828416997,192.2089307079904,76.41921666317177,81.03382402958295,70.92736431137273,69.18001396035498,51.73146439149589,74.72168300340186,524.0455024283355,542.3249778681219,1753.263036768834,1882.5662780112134
0.05,0.0175,0.45,390.87643056277443,424.7233549949166,186.03241407693002,196.28669344172098,79.40086125965861,83.25744775325722,72.85645491705218,69.61305883764614,52.586700309133626,75.5661549622922,535.1369398061474,553.4327428481129,1792.052957633103,1924.8627920041936
0.055,0.0175,0.45,398.15505599947767,433.85908747692554,189.9875350529468,200.563079084134,81.58295440236151,85.28756994054042,73.16307568764967,71.65724493524924,53.421490856519675,76.35119351700187,546.3412046162704,564.9712884871573,1830.341294180919,1966.044037177029
0.035,0.02,0.45,361.2862176518372,395.95170884186064,171.1376352439423,182.27393395723342,71.99298152994406,76.01862648887248,68.58395612255434,65.36268546580872,49.571644755396484,72.29646292994599,570.4533194067437,588.95516546588,1712.7648865098372,1833.5764916048681
0.04,0.02,0.45,368.6596548369351,405.52519747021466,175.04733660617475,186.84497669188306,74.10486005436833,78.28710529462398,69.0253889216194,67.24750182885386,50.48206925477262,73.14561365485376,582.5963486039138,602.2725459374731,1754.5512919164673,1878.3442797449734
0.045,0.02,0.45,377.51210041172476,413.04512616118336,179.1089008543797,190.87195102569996,76.00327720135239,80.43704598517527,71.06552076211548,67.68417491479914,51.33440159387713,74.05195423550896,594.9701346297993,614.3543359206589,1796.9092895899107,1921.659170823327
0.05,0.02,0.45,387.8107182824946,421.1023205753141,185.1635131681614,194.7219898832884,79.2425332372769,82.33284512933407,71.23382315775692,69.20201798925793,52.17084871929931,74.84546757343371,607.5014383553196,626.9200206269768,1834.706929280448,1965.583119205971
0.055,0.02,0.45,396.5162741827265,428.38063946403736,189.11158356701003,198.71953785879046,81.10187262762794,84.53288536912892,73.30307711016314,69.5026561954192,52.99974087792537,75.62556004069879,619.6412549169635,638.9470955976996,1874.5920796929365,2008.2069267269003
0.035,0.0225,0.45,360.1774627917748,392.9025157737019,170.56903512020475,180.95696908486894,71.67719741853927,75.41860471803248,68.72352055643506,64.86478765825109,49.207709696595785,71.66215431254935,638.7603009499044,657.4377154116507,1756.9098510069623,1870.6681148097096
0.04,0.0225,0.45,367.1835967872196,402.3804307731783,174.40795545575557,185.4149970261942,73.70797094941238,77.59402401590182,68.98861451009613,66.87471193682725,50.07905587195549,72.49669779425504,651.9165630391986,672.0460087235344,1797.628449212698,1917.6621901397882
0.045,0.0225,0.45,375.91245604886984,409.92195513939015,178.40096119060684,189.54221042716176,75.5447174824617,79.83291658477046,71.03785738960455,67.18173265694365,50.92891998619677,73.36509547051422,665.4048730254362,685.6850556329546,1838.5315274317459,1963.3338459168126
0.05,0.0225,0.45,386.336386791734,418.8269061656753,184.56591373693146,193.67178506173008,78.80161662516751,81.80868573726714,71.20847200281239,69.20744457305801,51.76038442682268,74.1389907936201,679.9248190635535,699.0995913761644,1878.2046289349705,2005.6947931594812
0.055,0.0225,0.45,394.8406368046937,426.2937832087518,188.34999802815722,197.72979454095525,80.64934819036624,84.017900642289,73.26574253943998,69.64005668098065,52.575548046730276,74.90603134452687,692.4251872026679,713.1045434417485,1917.697593013227,2049.125610508785
0.035,0.025,0.45,358.7458385751875,387.94588993546574,169.96345001503704,177.9928979784391,71.29333010006847,73.83137041799736,68.68628790645704,65.08701700710711,48.802770553624946,71.03460453192221,706.027997606568,725.3472709975692,1796.244878223215,1910.854538932766
0.04,0.025,0.45,365.71457893942784,400.18464890783366,173.6162095160395,184.45541397693074,73.31481163569073,77.0340529756432,69.1259329021329,66.84818955298584,49.65762488556472,71.84699240227391,719.5454005682792,741.3126749320535,1837.5125813180969,1957.4636821106114
0.045,0.025,0.45,374.528900252093,407.74478630186735,177.72487939761388,188.54831657627759,75.27225413130506,79.2436935097824,71.0359116190473,67.27425452204638,50.495855104126825,72.678521693761,734.6128301375916,756.2883338728736,1880.4424538459318,2003.0696742942373
0.05,0.025,0.45,383.53971042040195,416.6356453783783,183.26309187130684,192.7455333868768,78.12764128376817,81.27014829590662,70.83015688695968,69.18001468924965,51.31882037836725,73.43994900634526,749.5910939019087,771.1173340719149,1922.788968033299,2046.9150495346726
0.055,0.025,0.45,392.15392384249594,423.9081720280048,187.1953759753096,196.71257792248957,80.07773469590377,83.38860375918091,72.75248860333934,69.61307174895104,52.12832456794322,74.19391859738329,763.9395051442715,785.983375077695,1961.6238836381258,2091.8702241533247
0.035,0.0275,0.45,357.4520651312871,386.2433948945713,169.3277964034637,177.23254647184228,71.0314947611374,73.50578985082456,68.6961711951013,65.09741917763462,48.396602771584696,70.40763939426984,772.0611643889881,792.817531159287,1836.9000719151884,1953.228884783581
0.04,0.0275,0.45,364.64003263318875,396.55320519536247,173.12462624804638,183.3309425660077,73.1501001680775,76.64327648991538,69.1257833559443,65.39943121243158,49.23952286112057,71.17955492700779,787.6191846714025,809.4970218210603,1880.7832487842388,1998.0068525722334
0.045,0.0275,0.45,372.136950212749,405.4162602910499,176.70600337193616,187.52543383032207,74.83615497984808,78.64595342632838,70.52895145542273,67.2475151180348,50.065840405542055,71.99735791636463,803.2333375738025,825.4195125695647,1922.779223081982,2043.0255961369085
0.05,0.0275,0.45,381.95187535984496,412.57337624696936,182.60183818978047,191.46305595038524,77.68000715503342,80.67283300963972,70.7931211246958,67.68413723000698,50.87690889033527,72.75335005693742,819.8070943909502,841.4006572477344,1965.7413947916061,2088.4461165339367
0.055,0.0275,0.45,390.353543533914,420.35626721518463,186.30190070103723,195.2158622532837,79.53085420727302,82.58004837686927,72.85898129650127,69.07205025552544,51.661807329102466,73.48830632950627,834.2558089626987,857.0859028351864,2004.8411222984553,2133.077012616871
0.035,0.03,0.45,356.0057120261506,384.14890311448374,168.62194423935642,176.35022827699126,70.69853133848025,73.00957989378831,68.69405063934299,65.07021025970387,47.99118580897096,69.71888468400034,836.7371222869177,859.2591798644821,1876.6928902476348,1993.6592742610717
0.04,0.03,0.45,361.63517852610426,394.4137583116128,171.80917343751656,182.45827415158524,72.4172850532811,76.10824263232968,68.5859521503803,65.37240482171657,48.82276788492631,70.47483670598126,852.4851629367677,877.3395532871189,1919.0625419870191,2038.1045529370292
0.045,0.03,0.45,373.52960456193057,402.31632893250503,178.0487610248098,186.1907156215579,75.35377431050819,77.96688805665384,70.48923881968085,66.8748520885536,49.63783040693171,71.28387316573966,871.2572788325996,893.9881462427151,1964.5616121298208,2084.587253313542
0.05,0.03,0.45,380.3807928039205,409.4903842046039,181.79245519885436,190.181757141195,77.3587521241555,80.10571964109494,70.80055434637997,67.17261227179482,50.42903113453063,72.03029515051917,887.8497764302507,910.9558841359194,2006.178447324627,2129.717054253089
0.055,0.03,0.45,388.8587870975616,418.1668298866474,185.58973720555056,194.19908352041676,79.23224438039233,82.02649687386774,72.85702568983483,69.21008715491637,51.179779821783875,72.7311623374465,904.0650682501299,927.6965759239006,2048.956394173276,2174.533066880152
0.035,0.015,0.475,367.5353027619642,404.3605867783903,173.77150673845284,185.80039946158982,73.38070821607796,78.00679014711869,70.62262979214329,67.2840335838674,49.760458015290126,73.26936358581433,436.06901460387996,452.18066731322574,1638.658959451481,1764.4110759473017
0.04,0.015,0.475,375.6622209630802,413.9814782039367,178.04637219894244,190.3787331733266,75.85178297839775,80.26082145488657,70.96180479700968,69.17982149343536,50.80226098873034,74.16210208228823,446.531746799854,462.7630200477979,1679.5887916595825,1808.8372874033623
0.045,0.015,0.475,388.10068520884687,421.68493804320957,184.57354167931194,194.52656791343452,78.91311172583711,82.53348955677282,72.88498062511405,69.61307174895104,51.72905117858375,75.01180882405122,457.67523545871796,472.7262377228937,1720.2809311228775,1851.2976126894343
0.05,0.015,0.475,395.1154504794877,431.50578168182284,188.2836219038975,199.16796468717868,81.04431380835457,84.93112747217522,73.1915346048027,71.56387340696294,52.5959801624329,75.84281611550597,466.3343468026847,483.80437336035334,1751.5086085312928,1895.6150268389501
0.055,0.015,0.475,404.23284543512386,442.3726741600768,192.5582201491466,205.66084326291028,83.11490642199654,88.18304273925405,75.13237082203953,71.86553489673848,53.4273480419412,76.663253261174,477.16075744152215,494.99494920263885,1795.981040141433,1936.1677621687452
0.035,0.0175,0.475,364.86234919644,402.1628266351388,173.0351545253943,184.84315358676594,73.25177065822162,77.42157131600577,69.0229300172033,67.25414249130407,49.55249399562081,72.64395924106307,505.9641492858362,523.6238051752154,1680.547874425438,1803.8007160892753
0.04,0.0175,0.475,374.14963484425334,410.0084158371536,177.35258506870517,189.11145062645306,75.36286557160847,79.70627933430002,70.93463659351082,67.68417422823534,50.499547610428856,73.50651164816519,517.8237717718786,535.403044946814,1722.4177467206207,1848.2034450844449
0.045,0.0175,0.475,386.44793780192674,419.86683759854554,183.78024290161684,193.75204407761075,78.44309414333165,82.15108743409996,72.85697099712334,69.6204723993746,51.36762975985496,74.34323368746024,530.2011219809264,547.7251166354977,1762.2320989443522,1893.5912098354784
0.05,0.0175,0.475,392.4378762862041,429.16269327007296,186.65490554571332,198.06489282971543,80.4221076817335,84.26980825015089,73.163825475377,71.66723696021477,52.1970375833803,75.16075522999185,535.3559568464134,559.5415871462743,1778.2501228916813,1938.107711892033
0.055,0.0175,0.475,401.562157986228,439.932623413521,190.76464130645732,204.58981318920834,82.51716517658629,87.56512059626989,75.27388138430865,71.83836152701252,53.006470118875725,75.93932810103026,546.7083557021293,572.3469152632005,1819.357130948784,1978.3930718266988
0.035,0.02,0.475,361.10877282128814,399.1798041006757,170.57104298493354,183.5546835971689,72.26920994031589,76.7441744022273,68.9891430711319,66.87288749747869,49.27937682490683,72.0080586038008,565.2981717609208,594.1668977010307,1701.584135386539,1843.218763318375
0.04,0.02,0.475,371.59124653109154,407.0183996269718,175.49567491304782,187.86307158396272,74.86710847538743,79.11725863979001,71.07364487625186,67.18173197171782,50.15481826640443,72.85633743150127,582.0523510835238,607.3467926894507,1759.0337672050946,1889.4917527231805
0.045,0.02,0.475,384.0452585947174,416.3030800794756,182.14784914281503,192.19321620106538,78.04430321410776,81.21978421772856,72.86511276903852,69.21008984062873,50.98799346875608,73.67998982005292,596.7365066472192,620.4525559070087,1802.0390071118238,1932.361718807581
0.05,0.02,0.475,391.11490250521996,423.8736464067448,185.91278361045167,196.36146152259408,80.10508817132225,83.53096932049786,73.30373731882347,69.51251952396322,51.79329340462259,74.46869603968972,608.6218363166412,633.5075290883105,1840.1436219365733,1977.0123483469265
0.055,0.02,0.475,399.32580619860306,436.20532108219936,189.54655785053268,202.88535660177428,81.94886867556103,86.67533342649295,75.24579981815164,71.42450388024466,52.58457985435775,75.22012717368753,617.9619558627044,647.6086601929284,1859.5187862579737,2020.321143028488
0.035,0.0225,0.475,360.44676961026164,397.09065060594605,170.61194109635795,182.65792960923102,71.79144145635692,76.20913618037827,69.12759122794168,66.84552330766451,48.915795829605074,71.37806150867229,637.4938791106595,663.8002137985873,1751.3077261276865,1883.8627527344956
0.04,0.0225,0.475,373.59845940358764,404.7947837992753,177.52033152371436,186.84842876044235,75.41084387873676,78.46594395892402,70.90144456702292,67.27490956990297,49.76583943411362,72.20550151000593,654.8455206661586,678.0507400902414,1799.582118654979,1928.4361709286654
0.045,0.0225,0.475,380.7247632068023,414.142208597058,181.3845132987682,191.2643108081542,77.42318411438984,80.67814739150053,71.33522469149668,69.18246379572976,50.58184110214758,73.01728660167356,668.435804958701,692.8086141903127,1840.8606142191716,1975.0248785536178
0.05,0.0225,0.475,389.68203077558877,421.4108798992648,185.51675853616197,195.22748724259353,79.51679260161988,82.80274241777863,73.26343217975776,69.6125423849131,51.385047458049215,73.76810785397953,682.62985681794,706.6391234005117,1880.682966839216,2018.2477231631694
0.055,0.0225,0.475,398.7941201920708,434.01575217433316,189.6955702524539,201.89110219425064,81.68692963664496,86.18827232200287,75.24098180841173,71.42929973233149,52.17063849456017,74.50707792574819,697.0595540720772,722.3318434510543,1921.3916600309144,2062.3120946984363
0.035,0.025,0.475,359.09796512851915,393.2471105474891,170.22296215455756,181.43267542122348,71.25600456780468,75.69693966710207,69.09134272133625,65.36268546580872,48.527655684820644,70.75480999335485,706.5441151509065,731.886454885277,1797.1329833936888,1922.7763090449848
0.04,0.025,0.475,370.4741632258133,402.9548165914125,176.3364201867937,186.00165792379903,74.3834976179965,78.10244463049511,70.4055640360494,67.282075762295,49.3486813849737,71.56863827482333,722.9522976343521,748.0810470848005,1840.2348749990595,1970.0491127427129
0.045,0.025,0.475,377.65848486076237,412.20814049626773,180.21772153092337,190.33368079415584,76.4499829579829,80.22728579907962,70.8368206837132,69.31037138280205,50.15395968814288,72.33680252023025,737.9089390393173,764.0371985146007,1881.7601429125757,2015.465202219609
0.05,0.025,0.475,386.6315218629573,419.364333969208,184.3889965449601,194.33986685316515,78.53516728704774,82.32907540891087,72.7605555299229,69.62043070541739,50.94680250102656,73.07496100171461,753.823054835285,779.2181430303636,1925.154894871743,2061.80701785131
0.055,0.025,0.475,393.4941535089169,428.38741434680827,187.9585837896714,198.52023883120023,80.6113234740344,84.40793582201681,73.19836738057823,71.65777880289745,51.7258788646329,73.80146089069378,767.3718035265489,794.8235180560607,1963.1345742674398,2105.505458324566
0.035,0.0275,0.475,356.67424013577977,391.6775449746185,168.97078017355508,180.82658626602924,70.85208588204588,75.35407864614834,68.72608657463577,65.36992750201745,48.125287505543035,70.12695256042349,771.7706748012805,801.045412323051,1833.5856556758201,1965.3465709503287
0.04,0.0275,0.475,369.00436094933093,399.64460282215884,175.43481601783088,184.58252324998173,74.03238290759465,77.2725867021117,70.60224420962044,66.8748395410716,48.93491781428499,70.91465332899384,790.1184917631383,816.7816024538873,1879.3929765532084,2011.0691330380257
0.045,0.0275,0.475,375.6448658587466,406.95752300138963,179.22328341856925,188.6605962100176,75.92937879914294,79.45983506476658,70.76337684227491,67.17260888385229,49.728826798759506,71.66448284275313,805.3679242210367,833.1735090593852,1924.0097654187464,2057.847315087311
0.05,0.0275,0.475,384.8596650154413,415.93443249261196,183.3374086318079,192.84664614134059,78.14256760864693,81.4950475367253,72.86939581704624,69.20022510177478,50.51029295794018,72.39251371277129,821.9782485369726,850.0256062042577,1967.004197346977,2101.9539112567195
0.055,0.0275,0.475,392.06947228270235,424.86100406675473,187.20329364412277,197.03998049877723,80.4070523903396,83.60006138977258,73.18111406952336,71.11254966242764,51.27801217871663,73.10841251577725,838.3031225066912,866.6956764638178,2007.5030253626326,2145.504981693035
0.035,0.03,0.475,351.403484926225,388.4053870086884,167.09071694764745,179.35026734467704,68.52573923316234,74.63879538271405,68.06353413342933,64.95889522275868,47.72349461198585,69.45742905853868,833.5628253099554,866.903425110359,1871.276275944638,2005.615067295636
0.04,0.03,0.475,366.8841369930764,397.4559157698287,174.3065037144534,183.63871103822322,73.39894080377013,76.75524294177785,70.65641591186665,66.84748772711896,48.52227656298626,70.21447406270866,854.3847627189542,884.6757489708815,1915.7892198901843,2052.4871984718634
0.045,0.03,0.475,369.7166038250369,404.79323154803626,176.77860594291357,187.67443582385204,73.22898989342414,78.88806634317608,70.40358559561992,67.2768781522941,49.30542239307926,70.95385122871402,866.160395703991,902.321063906095,1955.3915581897809,2097.871634672801
0.05,0.03,0.475,383.4154799496013,413.9608701954637,182.56680313973655,191.97971071737575,77.82052773097794,81.10155085138261,72.95197998793233,69.20744718200957,50.07616909095445,71.67216144469577,890.8478087548503,920.5172966517655,2006.8446530167291,2142.6045218897557
0.055,0.03,0.475,390.7919595353393,421.08870455280055,186.58829783060395,195.85256621342194,80.23500451295685,83.23173840080035,73.16208783722485,69.6400561429548,50.80656935455364,72.36434379562345,908.7898791237633,937.8110826953731,2050.2075996921794,2188.8971806053687
0.035,0.015,0.5,369.06713812066187,406.86510609004205,174.44542295326147,187.26706681117503,74.15670104185615,78.94242018739165,71.06364329751719,67.68403355862804,49.401370828027076,72.9715855328473,437.0625344733884,456.41940496412525,1637.0911795633197,1776.6805452749563
0.04,0.015,0.5,381.0000970188089,416.88048498411035,180.69405068434298,191.9890894166372,77.0377931707163,81.43865548200866,72.85884067337352,69.62029140526865,50.40941249037612,73.83244868019588,446.94682505857014,467.5517975998163,1675.8276583187417,1820.8557809173317
0.045,0.015,0.5,387.3993091185363,426.4478293754664,183.67202113974153,196.50878501081178,79.16791640119907,83.61890640939212,73.20467895593751,71.65777202596644,51.35469262165818,74.66236592929607,451.9299078872098,478.49704737517095,1703.9362086364995,1863.5061035501951
0.05,0.015,0.5,396.3223471392233,437.57813615360976,187.72122447554594,203.06221491032701,81.27832724567006,87.18011828902732,75.13737077907646,71.86607464678843,52.18542463893084,75.46972830746697,461.38626906461127,489.3436154477713,1741.4781195147634,1901.2009903914104
0.055,0.015,0.5,406.8062507544864,446.8359874724262,192.23815016091513,207.28220815042164,83.92716602634951,89.51467179549412,77.63939649834411,73.78810399572315,53.001538068877665,76.25100353078733,471.40099259724906,499.1039642426682,1786.2663022782147,1940.075160206549
0.035,0.0175,0.5,367.43869576083466,403.8208541781041,173.75603929715285,185.95284468715184,73.42931750332764,78.31786471532797,71.04438057034587,67.1822562858516,49.20895839000835,72.36788848977265,507.1604581751524,528.281749424809,1679.13441568744,1815.6950638028054
0.04,0.0175,0.5,380.1487529198865,413.37967150364506,180.3659511634458,190.46804423760727,76.74552341086411,80.51896143253171,72.8717445332226,69.2100765271629,50.16553381235399,73.18258930634325,519.8655202648937,540.7765173977872,1721.4230453742193,1859.1726015173194
0.045,0.0175,0.5,387.43001883069337,421.2104644767749,184.3732671535026,194.7645753298105,78.88882083526998,82.94442484263377,73.16939966518157,69.50250247724193,50.99853117673919,73.99896182708875,531.3321912753605,552.7909726562186,1762.4298243128594,1903.8736984184666
0.05,0.0175,0.5,396.27775548042086,435.3516700989434,188.20118086021148,202.12010756775769,80.98714476237666,86.60180736181051,75.27926527691302,71.83635501083606,51.810164580919725,74.79340015853913,541.464359670962,566.7812232997122,1797.7954840932268,1948.1583182661377
0.055,0.0175,0.5,401.5992070785956,444.6291635693443,190.5071563587301,206.39641372654054,82.92460533626986,88.76427188010797,75.580745074462,73.9023230004036,52.586700309133626,75.5661549622922,544.6420180341577,578.5815179464586,1829.3818129615486,1985.863317285344
0.035,0.02,0.5,365.8040822329422,401.62710452458765,172.91241911187046,184.92802413623875,72.90202605476206,77.68582685709791,71.00848076726743,67.28403331728484,48.981156299042276,71.72922021396614,575.6220138376981,599.1179419426194,1720.95870563156,1855.1043432722915
0.04,0.02,0.5,376.36972914186157,411.2524257353626,179.16305649795572,189.54575115004036,76.17011355525263,79.98598042903151,71.2171035874923,69.18251470383507,49.81945550116093,72.53817945245561,588.9265089362544,613.3276811009808,1760.4852808740836,1900.4786695243063
0.045,0.02,0.5,385.61952476170563,419.21293734051926,183.3975071871244,193.81696547574853,78.27637860508209,82.41446118210942,73.3114327122183,69.6405867923729,50.63420625728088,73.34092389028844,602.1805113330206,626.9080674553072,1802.165707091992,1947.8691386472772
0.05,0.02,0.5,394.1868672945929,431.782691281864,187.24041030884104,200.52455965458662,80.28081511582546,85.71388572538368,75.25374971408607,71.42188274215323,51.41189215584033,74.12236315974044,613.763403566532,641.7260399994524,1839.3742879608894,1990.3414825647537
0.055,0.02,0.5,402.5948463542942,441.19247485018235,191.61004915679766,205.03014876555378,83.23429296567213,87.93081596202964,75.5796555125251,73.38604254916524,52.170848719299265,74.84546757343371,628.3427823913471,655.7090464029243,1882.3449011403134,2031.0872552442902
0.035,0.0225,0.5,362.69746842830284,399.5562756893036,172.68302002727435,184.0330531511101,71.35576192697378,77.16228583799177,70.03665629912454,67.25662460416459,48.62203017493014,71.10431209603716,640.735305256688,669.2526778490194,1755.189989341364,1894.2823450561625
0.04,0.0225,0.5,375.34188509292846,409.4055747228888,178.44241926033877,188.6945452773284,76.00008758435936,79.50353931108853,71.44946861536384,69.30786906946533,49.44990963286645,71.89962106500657,658.9069848015857,685.3643165002624,1802.2681836951654,1942.4309286109583
0.045,0.0225,0.5,384.4352281057491,416.9414866631114,182.6979491957938,192.83757871544086,78.15310913930772,81.80484486836227,73.3497339080858,69.61041394844723,50.2344358625618,72.68864913086107,673.4882573912025,699.7063264386516,1844.7828625431994,1988.5164183219028
0.05,0.0225,0.5,393.90921049168406,426.2067162013701,186.99525261053518,197.24731889635038,80.66840781167846,84.00623750161472,75.24202937458297,71.52858109620234,51.00352069488749,73.42457870720267,687.8511769715028,715.076548689863,1886.5464770666172,2032.6021137942219
0.055,0.0225,0.5,404.08445068873175,437.11628740364995,193.0376435466069,203.66223832522397,83.7378587093794,87.44949939836185,75.5485640059228,71.86555888644403,51.76038442682268,74.1389907936201,702.5319988103452,730.8982956023799,1926.1982684205582,2075.91155070205
0.035,0.025,0.5,364.4378805303002,396.71217836250247,172.78834021461384,182.80573933061575,72.74162646240208,76.54561643754808,70.65712862742495,66.87469931330688,48.25078522585938,70.48612328103178,709.7008180160689,738.7002433347792,1794.7913089847475,1934.521593972681
0.04,0.025,0.5,371.8434130775851,404.30617098459425,176.82514577232732,187.05015117567203,75.02921328346685,78.81556926951403,70.95169158185003,67.17261185306035,49.037362439940914,71.26783868634786,725.0678539623776,754.9331445828409,1838.428220222467,1983.0210502087766
0.045,0.025,0.5,382.1469859513117,414.6307732893591,181.7055092283143,191.7956926476486,77.87882961869647,81.0955329921255,72.75193799929708,69.71382869447878,49.81070910500386,72.02571895510624,742.9356123835541,771.435901707113,1887.7740309555531,2028.5949640713554
0.05,0.025,0.5,391.87881441080117,424.2071827300064,185.97418406682257,196.29345199564514,79.98871782697218,83.50334043889559,75.34489320115676,71.66704944543706,50.57101931584967,72.74334085002864,757.8776688026095,788.4371617246186,1928.58707533425,2074.5219550347165
0.055,0.025,0.5,402.267114929752,434.7643829656625,192.08811534160498,202.66827965458256,83.30625237244904,86.81780765833582,75.55392683733074,71.83834664639885,51.31882037836725,73.43994900634526,773.7587244884455,805.5780201040249,1969.6983532289244,2119.1329734426613
0.035,0.0275,0.5,360.8181224232459,394.6497428072519,170.4515133099748,181.9272778808428,71.9111082508484,76.01013393818782,70.60328165405878,66.84818871657501,47.85221920836388,69.86414227164632,776.1618323576347,807.0999520623735,1840.4062575580833,1976.9576659779907
0.04,0.0275,0.5,369.6974414263088,402.06945833726303,175.71323135501908,185.98371891880055,74.36845700761579,78.18006774572578,70.98781597845579,67.27421644017821,48.62793708521817,70.63145523255851,790.66244135977,823.9157912643698,1875.8674472973375,2022.6451830044055
0.045,0.0275,0.5,380.14407555446024,411.5597932736714,180.67654467487807,190.5141378129563,77.22390253619913,80.48523599971558,72.85318158148559,69.2074462612035,49.3904467618974,71.35297319979603,810.4218776516038,842.0961092372157,1926.777873061244,2071.9570274679736
0.05,0.0275,0.5,388.95652355082774,418.86023526054555,184.63038598178295,194.56095314773688,79.35775097330503,82.72828164571348,74.82846012067493,69.5100057496832,50.139926475064826,72.06099471741196,826.3596928741445,859.1701614331273,1969.8435370427342,2116.3795919871623
0.055,0.0275,0.5,396.93892130181257,431.4706739753967,188.73540951878422,201.15548916131502,81.66428013647817,86.11230500803838,75.6623227562149,71.44952974910595,50.87690889033527,72.75335005693742,842.2904517795214,878.1536917468306,2010.672734219756,2161.099364502987
0.035,0.03,0.5,352.578101978389,392.86699666702617,167.11848884742116,181.14070324673165,68.05884409521136,75.53235173166476,69.94670817555426,66.98415046588626,47.45406086020219,69.2097912227435,833.2214916826264,875.2184768582429,1869.3483863536167,2017.864157765713
0.04,0.03,0.5,363.2923556719724,400.29658236435625,173.37868927180102,185.2565821417396,71.4240657279495,77.82378044106693,70.27018245380948,67.28151578938255,48.21941821841245,69.93470399216719,852.1904485867674,893.3151267282706,1913.357640107526,2066.0702795888183
0.045,0.03,0.5,372.4334753933117,409.44962922989436,177.6344988326921,189.66843049927505,73.60108198066547,79.953700035592,72.22624832904134,69.179967349382,48.971646250912826,70.64753134564529,870.5009548878664,912.5725448050821,1958.3355784996138,2114.5376056158548
0.05,0.03,0.5,385.25262567818214,416.5185936172238,183.46953196069842,193.48663209304402,78.90381936259179,82.07305433494213,73.168373636097,69.61253335470195,49.71090071879494,71.34637383453573,893.6422595525111,929.7215371057961,2008.8666172784474,2158.451696770168
0.055,0.03,0.5,393.96144847218795,428.79629075576025,187.36447391878636,199.91603273639856,81.02266769793546,85.42768528414248,75.14527572093553,71.42227758470008,50.42903113453063,72.03029515051917,910.6102487721744,948.1881749134717,2050.5124211337434,2198.646262314402
0.035,0.015,0.525,372.0340926155873,409.45537009336476,176.70566937465438,188.0859130486093,74.99905036055567,79.51639822923714,71.28953867833607,69.20744284656249,49.03983420204115,72.6456159689558,437.2700516192588,458.43950829836837,1630.9786360417095,1773.155197718175
0.04,0.015,0.525,381.4704778925215,417.05171705945213,180.98912502388825,192.08558946912046,77.21486987327278,81.98725570233009,73.25313553234159,69.50252076047526,50.01334746301889,73.47635112752627,447.36478964087405,467.47476022874207,1671.5795767063487,1813.289181539323
0.045,0.015,0.525,392.39629058372356,430.88709519070335,185.91285839039688,199.08175366767347,80.3939934999983,85.69356245174792,75.14520710812705,71.8383337423404,50.94423158520127,74.2734453289415,459.29738149680867,477.8282956521078,1715.8506265346673,1851.4151173126552
0.05,0.015,0.525,404.6650412301111,439.91434098887805,191.9593181449436,203.24726705368366,83.44479680807162,87.825908476358,77.48912636865958,73.79700232674672,51.771799908436314,75.04416313208965,466.8701631166376,486.9176577659758,1747.1532987496473,1888.7242340462724
0.055,0.015,0.525,409.8804236090905,447.41690955771526,194.7154465266235,207.11228065616754,84.58806802043237,90.36834453220307,78.01530467042956,74.13430668402628,52.561604391605016,75.80197768531835,473.08340336759477,495.8155210848752,1777.1388877883398,1927.6286678500662
0.035,0.0175,0.525,369.8197991996767,407.3646051591791,175.92112311189814,187.1792145022247,74.00774334946438,78.95472744593887,71.0279468890949,69.18050209164615,48.862985849219285,72.0501611193694,508.0713952719977,530.9078422331531,1677.6407750878664,1811.4042385128214
0.04,0.0175,0.525,379.4205450808547,415.10432387784755,180.28468717457784,191.17778636663832,76.34646050274917,81.45164584827948,72.98911676327886,69.64054528730018,49.800280640248815,72.83434637562954,519.9667559904169,541.3417704035563,1718.7691862567744,1853.4038239493736
0.045,0.0175,0.525,390.9132584774319,427.56171594461523,185.18714794894328,197.72616332220474,79.84961473282176,84.79811812500249,75.25010220454911,71.42143179882434,50.62639359111781,73.61600269858366,532.5710308393049,553.850495032057,1759.8031566655497,1903.3176861529387
0.05,0.0175,0.525,401.32669112052264,437.8865425399573,191.26848528378036,202.30054110686683,83.18942741286185,87.31094185775838,75.45905277590924,73.90001628074135,51.409725647971165,74.37504329459077,543.8445991763235,563.916026054597,1796.4457232949967,1931.9541730268004
0.055,0.0175,0.525,411.37933251052254,445.10336242578376,195.64621612002276,206.08197056688525,85.60478490650019,89.66202184826103,77.97050893391416,74.23880082156427,52.15782255008543,75.12056918907318,554.8309119455388,573.7471420128916,1833.5874052274692,1967.9290459656468
0.035,0.02,0.525,368.9190227280394,403.9014169867691,175.06942773967918,186.21229762364842,74.24035373618686,78.56671955260336,70.94969650619355,67.68402848567777,48.65954474597983,71.43837132483958,577.089313965002,603.7426217678101,1715.6007877218115,1860.944812047842
0.04,0.02,0.525,380.5352875360313,412.9655339437518,180.41233854340388,190.28429121936355,77.35590280964638,80.87543234619577,73.27993985396864,69.61056346463155,49.487106329012406,72.19524691356095,592.0714856646885,614.1698725922865,1762.5115998957392,1893.130896661283
0.045,0.02,0.525,389.37509387572413,425.4570813297945,184.49861578066267,196.73880938111023,79.38052172804956,84.33154891854997,75.22184689141375,71.42995037947475,50.27410947559815,72.95677265065959,604.93379035029,627.1221676848122,1803.517408830505,1935.5719979825383
0.05,0.02,0.525,399.4897997170957,432.7005184805628,190.37472148472628,200.61270881770818,82.66804722286699,86.64934501100889,75.41936195177952,71.72721263066884,51.02766905772288,73.71125202117688,616.7123321176475,638.5295800992893,1839.7626312232821,1974.4703403226279
0.055,0.02,0.525,408.2620213995315,441.5477156574359,194.29670991205978,204.61783058289845,84.66389693742715,88.8108613245576,77.5467315729976,73.68830388221592,51.754682977046976,74.430719867764,628.9819875426629,649.9541180260512,1878.7328150297808,2011.3305392697896
0.035,0.0225,0.525,366.6395479452563,400.4994724125404,173.82557598869647,184.68725924859208,73.40617228948265,77.81249813898364,71.08169544773037,67.181718533669,48.32610421934684,70.81799649129565,643.2255333890969,672.1995072924582,1753.108643998234,1893.5003766133666
0.04,0.0225,0.525,377.46150520113014,409.1785233698116,178.94376208389167,188.54242732571714,76.53008917631433,79.88028366727511,72.8632153527978,69.200225907392,49.12443858812632,71.55558646942737,660.0550967175803,683.5813864546936,1801.984333274254,1930.1540374475521
0.045,0.0225,0.525,387.60237056317936,420.2321388661,183.48948237947175,193.61232523663057,78.86897555734788,82.64138637189063,75.36039568744262,71.66717786313666,49.88351693891715,72.31124939444214,674.5548442102352,700.4446747611696,1844.6285656079003,1985.1647635804743
0.05,0.0225,0.525,397.58951593965753,430.68835298660446,189.38410652983114,199.62216648730194,82.06027920674386,86.15392408406477,75.52421378213887,71.86583839248637,50.62091642094365,73.04642402275142,688.0485015897124,712.7362040689646,1880.9989238985834,2019.1221409095608
0.055,0.0225,0.525,406.42394343032197,439.087205967202,193.43226657764734,203.42438875878392,84.12571725070092,88.13958044413233,77.51893111221777,73.79248020430514,51.347028489755914,73.7307565599806,702.2452243813489,724.3953833736191,1922.4349043615514,2051.9477832646453
0.035,0.025,0.525,366.82740658117035,398.5017915956281,174.00304703173546,183.86997933029525,73.94790351842774,77.1528839457096,70.91040876366587,67.27461028388666,47.96604726734123,70.20431803573662,712.6633030684393,742.7208552215152,1799.8740251759932,1937.848784908378
0.04,0.025,0.525,375.49425460889734,407.1349395355582,178.00730451362688,187.52509200809453,75.92932677209295,79.46656007361199,72.83335567591715,69.20769894628272,48.724267647260355,70.93558850756894,727.5944838793184,752.886967849304,1841.8744092358463,1967.1360685251123
0.045,0.025,0.525,384.49006494895156,415.09880540150306,182.1323007860828,191.93376928706007,78.09435708528025,81.98041772910904,74.79877676734819,69.51210483024845,49.464630310240366,71.67251355508553,743.1111592402041,771.4932288741218,1883.5560423141994,2032.6989222394727
0.05,0.025,0.525,392.37850050341996,428.03915059073813,186.09214688109714,198.38600261589315,80.32815602426842,85.45244847050635,75.76574215837564,71.83527148640955,50.192455439678746,72.36542801792903,757.1369163512763,784.0863546650264,1922.496767329308,2058.8684019121833
0.055,0.025,0.525,404.36042925855435,436.92229469745865,192.34865048603962,202.54214469359187,83.47714326977712,87.54413686197785,77.62527846349299,73.79777933088137,50.90935703924464,73.03823381100754,773.2399918148883,799.4008681169192,1964.3649183705525,2103.659381414675
0.035,0.0275,0.525,364.72687150826823,395.683031913363,172.9481597831561,182.21781987778272,73.32086967870754,76.60129082003373,70.88081113801911,67.28225696141868,47.57703090838547,69.58166425412789,777.0875768817697,805.0024118128339,1837.0855318786816,1962.5588408727365
0.04,0.0275,0.525,373.7383939524087,406.4875542683229,177.019222778623,187.74637078300594,75.42676172415518,79.25672339572247,72.97322390393849,69.17984550863001,48.31918554569205,70.30461458096447,793.5490359912017,831.3063863280614,1879.9342280852254,2034.0950057147286
0.045,0.0275,0.525,382.46098012159274,412.9692935182093,181.04865247888068,190.82667207080385,77.45016127248975,81.49407176589094,74.91292560591673,69.64007758724867,49.0492407643056,71.00847209426588,810.2596912804979,840.9347536813847,1922.7329429386564,2071.308003533237
0.05,0.0275,0.525,389.34221331640975,425.64934906191485,184.68036678554807,197.86813377560256,79.64912808837342,84.66773214830891,75.24594173052115,71.42087515334926,49.766776711967104,71.6926079846541,825.0998825174923,863.6381202574981,1964.4137846451933,2120.05200095265
0.055,0.0275,0.525,402.28733380929486,435.3312938110272,191.30296610000732,202.1612893393156,82.91692574494806,86.91153340331554,77.59405340701936,73.90207327100103,50.473388557320135,72.35639779739499,842.9047712826383,877.7996467173637,2004.6305778591268,2153.101895063473
0.035,0.03,0.525,361.44475758449585,391.78199346311715,171.41390303006622,180.3525570767842,72.37988332816528,75.6221031728222,70.46844789990531,66.87518672656466,47.18252332635906,68.93214648694608,839.9662660489108,868.2223040586381,1874.5393599614392,1996.382581245054
0.04,0.03,0.525,371.7687952509303,403.1804000969327,176.01125415281095,185.783225539796,74.89766227879942,78.48932315792972,72.9450754148278,69.28362299133136,47.914803404492154,69.62422840787565,858.3238790975988,893.0386236229449,1918.329582166316,2069.5751862920356
0.045,0.03,0.525,378.54160503515146,411.4323574084803,179.71774800577734,190.56203418028042,76.9390135651726,80.95202835932125,73.24978691009998,69.6115809182254,48.63505655410154,70.3067139506532,875.0356553631634,915.9707424443297,1960.5683552570576,2117.5606691556713
0.05,0.03,0.525,387.43645937435383,423.5911129426885,183.74497801325083,196.9394676674904,78.99720894165682,84.24218733716941,75.3514155701188,71.42796365972467,49.34285684932742,70.98149427830398,893.1853054426246,934.7428803410281,2005.7209149522123,2161.818192303263
0.055,0.03,0.525,399.2737932318083,430.5622147310821,189.84665701601267,200.87179126446796,82.18008762696135,86.32200457920871,77.20727515409669,71.73178190786957,50.039773434737654,71.63663697953591,911.0565014273997,952.7946068672366,2046.6722674964456,2204.2765822721017
